"id","answers","categorySlug","negativeVotes","positiveVotes","question","questionSlug"
"a3e92b23288a4b57bec69725e0f10ca8","","angular","0","0","This is my super important question","this-is-my-super-important-question"
"2","[]","angular","0","0","What is SNHU","what-is-SNHU"
"5eb59b7f80433e00045a7dfb","[]","angular","0","0","What is Angular","what-is-angular"
"5","[]","angular","0","0","What is anything","what-is-anything"
"4","[]","angular","0","0","What is this","what-is-this"
"1f525f73336c4934be3955830916a614","","angular","0","0","This is my super important question","this-is-my-super-important-question"
"3","[]","angular","0","0","What is my name","what-is-My_Name"