"id","answer","negativeVotes","positiveVotes","questionId"
"5a","Anything consists of both nothing and everything.","0","0","5"
"4a","This is an SNHU assignment","0","0","4"
"caed6b7b27b243a6bad7afe15fffb591","This is my super important answer","0","0","APENBO4P84ESK31CRK2HVD93Q7VV4KQNSO5AEMVJF66Q9ASUAAJG"
"2a","It's a school.","0","0","2"
"5b8629d2af53c20004793ac0","Because it is the backbone of angular","0","0","5eb59b7f80433e00045a7dfb"
"3a","My name is Caleb","0","0","3"
"bd7c4e91016d454d9bd53f338ac21c62","This is my super important answer","0","0","APENBO4P84ESK31CRK2HVD93Q7VV4KQNSO5AEMVJF66Q9ASUAAJG"